{"cameraMode":{"drawMode":0,"name":"Shaded","section":"Shading Mode"},"sceneLighting":true,"audioPlay":false,"sceneViewState":{"m_AlwaysRefresh":false,"showFog":true,"showSkybox":true,"showFlares":true,"showImageEffects":true,"showParticleSystems":true,"showVisualEffectGraphs":true,"m_FxEnabled":true},"in2DMode":false,"pivot":{"x":57.79411315917969,"y":42.494842529296878,"z":60.97488021850586},"rotation":{"x":0.04639546200633049,"y":-0.6857075691223145,"z":0.043874211609363559,"w":0.7250754833221436},"size":2.977964401245117,"orthographic":true}